sitename,county,aqi,pollutant,status,so2,co,o3,o3_8hr,pm10,pm2.5,no2,nox,no,wind_speed,wind_direc,publishtime,co_8hr,pm2.5_avg,pm10_avg,so2_avg,longitude,latitude,siteid
屏東（枋山）,屏東縣,50,,良好,0,0.07,19,46,8,3,1,1,0,4.3,85,"2026/08/18 19:00:00",0.1,9.4,30,0,120.651474,22.260899,313
新北（樹林）,新北市,24,,良好,0.3,0.24,15,17,16,3,10,15.4,5.2,0.7,170,"2026/08/18 19:00:00",0.2,5.3,11,0,121.38353,24.949028,311
屏東（琉球）,屏東縣,37,,良好,0,0.18,,,16,8,1,2.2,0.4,,,"2026/08/18 19:00:00",0.1,9.1,15,0,120.37722,22.35222,204
南投（鹿谷）,南投縣,58,細懸浮微粒,普通,1.6,0.17,51,53,29,21,3,4.3,0.6,0.4,287,"2026/08/18 19:00:00",0.2,15.1,24,1,120.79448,23.718676,203
林森,臺南市,45,,良好,2.5,0.33,32,41,,13,7,8.6,1.1,0.8,184,"2026/08/18 19:00:00",0.2,11.2,,2,120.22216,22.985226,140
員林,彰化縣,58,細懸浮微粒,普通,1,0.19,43,57,14,15,4,5.6,0.9,1.4,292,"2026/08/18 19:00:00",0.1,15,17,1,120.56319,23.961594,139
臺灣大道,臺中市,66,細懸浮微粒,普通,0.8,0.81,38,55,20,16,20,30.4,10.3,0.6,299,"2026/08/18 19:00:00",0.6,17.8,31,1,120.65671,24.1589,88
大城,彰化縣,54,臭氧八小時,普通,0.9,0.12,62,56,14,7,2,2.8,0.8,0.2,58,"2026/08/18 19:00:00",0.1,10.5,19,0,120.26964,23.85493,85
富貴角,新北市,25,,良好,0.8,0.04,26,27,7,0,0,0.2,0,11.1,93,"2026/08/18 19:00:00",0,3,11,0,121.53657,25.296818,84
麥寮,雲林縣,49,,良好,1.4,0.16,52,53,18,6,4,5.4,0.6,1.7,22,"2026/08/18 19:00:00",0.1,10.2,18,2,120.25182,23.753506,83
關山,臺東縣,19,,良好,1.6,0.11,16,21,6,4,2,3.7,1.3,2,10,"2026/08/18 19:00:00",0.1,2.8,,0,121.161934,23.045082,80
馬公,澎湖縣,40,,良好,0.2,0.15,31,34,22,9,2,4.2,1.4,1.7,356,"2026/08/18 19:00:00",0.1,10,21,0,119.566154,23.56903,78
金門,金門縣,43,,良好,0,0.14,25,30,27,10,5,7,1.9,2.5,64,"2026/08/18 19:00:00",0.1,7.3,26,0,118.312256,24.432133,77
馬祖,連江縣,32,,良好,0.2,0.1,32,31,20,4,2,3.5,0.9,2.4,313,"2026/08/18 19:00:00",0,3.5,19,0,119.95272,26.153736,75
埔里,南投縣,62,細懸浮微粒,普通,2.1,0.35,69,52,43,25,5,6.3,0.8,1.8,255,"2026/08/18 19:00:00",0.2,16.5,28,1,120.9679,23.968842,72
復興,高雄市,46,,良好,1.4,0.26,27,43,13,6,7,9.8,2.4,0.4,188,"2026/08/18 19:00:00",0.2,11.5,17,1,120.31202,22.608711,71
永和,新北市,20,,良好,1.1,0.27,13,15,13,5,5,9.2,3.5,2.5,90,"2026/08/18 19:00:00",0.1,4.9,11,0,121.516304,25.017,70
竹山,南投縣,67,臭氧八小時,普通,1.2,0.14,47,60,34,14,3,4.5,0.6,0.7,235,"2026/08/18 19:00:00",0.1,15.3,29,1,120.67731,23.75639,69
中壢,桃園市,33,,良好,0.7,0.66,8,11,14,7,10,29.2,18.3,1.5,290,"2026/08/18 19:00:00",0.5,5.6,20,0,121.221664,24.953278,68
三重,新北市,33,,良好,0.8,0.73,5,7,16,7,14,46.4,32,-,-,"2026/08/18 19:00:00",0.6,6.3,15,0,121.493805,25.07261,67
冬山,宜蘭縣,32,,良好,0.6,0.22,20,23,24,8,5,7.2,1.6,1.8,169,"2026/08/18 19:00:00",0.1,6.3,19,0,121.79293,24.632202,66
宜蘭,宜蘭縣,24,,良好,0.7,0.18,24,22,20,6,4,5.4,1.1,1.7,130,"2026/08/18 19:00:00",0.1,6,12,0,121.74639,24.747917,65
陽明,臺北市,19,,良好,3.5,0.09,16,19,19,6,3,5,1.1,,,"2026/08/18 19:00:00",0.1,2.1,8,1,121.52959,25.182722,64
花蓮,花蓮縣,19,,良好,0.7,0.17,16,20,7,4,3,4,0.8,0.7,55,"2026/08/18 19:00:00",0.1,4.2,5,0,121.59977,23.971306,63
臺東,臺東縣,22,,良好,1.3,0.13,15,18,11,1,1,4,2.3,2.9,38,"2026/08/18 19:00:00",0.1,3,13,1,121.15045,22.755358,62
恆春,屏東縣,18,,良好,0.8,0.07,15,15,15,4,0,1.8,1.1,4.6,65,"2026/08/18 19:00:00",0,2.7,11,0,120.788925,21.958069,61
潮州,屏東縣,90,臭氧八小時,普通,1.4,0.18,46,67,20,12,5,5.2,0,2,236,"2026/08/18 19:00:00",0.3,12.5,27,1,120.56117,22.523108,60
屏東,屏東縣,61,臭氧八小時,普通,1.1,0.28,30,58,17,9,7,7.4,0.4,2.1,247,"2026/08/18 19:00:00",0.2,11.2,21,0,120.48803,22.67308,59
小港,高雄市,41,,良好,1.5,0.17,27,44,18,7,11,12.3,1.1,2.6,258,"2026/08/18 19:00:00",0.1,10,20,2,120.33774,22.565832,58
前鎮,高雄市,38,,良好,1.3,0.18,29,,22,4,6,7.7,0.9,1.2,317,"2026/08/18 19:00:00",0.1,9.4,20,1,120.308334,22.60445,57
前金,高雄市,45,,良好,0,0.18,32,49,22,6,3,3.9,0.5,9.4,289,"2026/08/18 19:00:00",0.1,9.7,20,0,120.28676,22.633904,56
左營,高雄市,43,,良好,,0.12,32,46,25,5,4,4.8,0.4,1.5,317,"2026/08/18 19:00:00",0.1,8.9,20,0,120.292915,22.674862,54
楠梓,高雄市,46,,良好,1,0.16,30,42,25,8,6,8.6,2,2.1,281,"2026/08/18 19:00:00",0.1,11.3,,1,120.328285,22.733667,53
林園,高雄市,51,臭氧八小時,普通,0.8,0.16,44,55,30,10,1,2.1,0.3,1.7,262,"2026/08/18 19:00:00",0.1,10.4,26,1,120.41175,22.4795,52
大寮,高雄市,59,細懸浮微粒,普通,0.4,0.22,25,45,26,9,9,10,0.4,0.7,279,"2026/08/18 19:00:00",0.2,15.3,26,1,120.42531,22.564137,51
鳳山,高雄市,48,,良好,0.2,0.56,25,39,20,14,9,12.1,2.2,0.5,257,"2026/08/18 19:00:00",0.4,12,20,1,120.35742,22.628126,50
仁武,高雄市,45,,良好,0.6,0.15,40,49,22,9,3,4.1,0.4,2.1,297,"2026/08/18 19:00:00",0.1,8.6,17,1,120.332634,22.689056,49
橋頭,高雄市,52,細懸浮微粒,普通,0.4,0.16,33,45,21,9,4,5.8,1,2.2,263,"2026/08/18 19:00:00",0.1,12.9,18,0,120.30569,22.757505,48
美濃,高雄市,49,,良好,1.6,0.17,34,53,24,6,4,4.7,0.5,2.2,251,"2026/08/18 19:00:00",0.2,8.8,24,1,120.53054,22.883583,47
臺南,臺南市,44,,良好,0.7,0.23,34,44,20,8,6,7,0.4,1.2,269,"2026/08/18 19:00:00",0.1,10.8,23,0,120.21948,22.989283,46
安南,臺南市,44,,良好,1.4,0.17,41,47,21,7,3,4.1,0.2,1.4,301,"2026/08/18 19:00:00",0.1,9.9,22,1,120.2175,23.048197,45
善化,臺南市,52,細懸浮微粒,普通,0.9,0.16,42,53,25,16,3,4.2,1.1,0.3,128,"2026/08/18 19:00:00",0.1,13,23,0,120.29741,23.113377,44
新營,臺南市,45,,良好,0.7,0.2,44,49,23,8,3,5.4,1.4,1.2,319,"2026/08/18 19:00:00",0.2,10.9,23,0,120.31725,23.305634,43
嘉義,嘉義市,51,細懸浮微粒,普通,1.2,0.21,42,53,14,9,5,6.2,0.9,2,248,"2026/08/18 19:00:00",0.2,12.6,24,1,120.44125,23.464779,42
臺西,雲林縣,44,,良好,0.8,0.16,46,48,17,3,4,5.3,1.2,1.1,95,"2026/08/18 19:00:00",0.1,6.7,20,0,120.19933,23.702175,41
朴子,嘉義縣,44,,良好,0.9,0.14,38,47,13,5,2,3.2,0.9,0.9,304,"2026/08/18 19:00:00",0.1,8.8,19,0,120.2478,23.46538,40
新港,嘉義縣,61,臭氧八小時,普通,1,0.15,46,58,17,9,2,3.4,0.6,1.5,256,"2026/08/18 19:00:00",0.1,13.4,24,1,120.34553,23.554838,39
崙背,雲林縣,50,,良好,0.8,0.16,46,54,23,8,4,5.3,0.4,0.7,287,"2026/08/18 19:00:00",0.1,10.9,22,0,120.34874,23.757547,38
斗六,雲林縣,90,臭氧八小時,普通,1.6,0.22,51,67,26,16,5,5.9,0.5,1,320,"2026/08/18 19:00:00",0.2,17.2,30,1,120.54499,23.711853,37
南投,南投縣,74,臭氧八小時,普通,2.8,0.3,52,62,27,17,9,9.2,0.1,1,312,"2026/08/18 19:00:00",0.2,16.8,28,0,120.6853,23.913,36
二林,彰化縣,44,,良好,0.7,0.17,43,48,25,11,2,3.2,0.8,0.4,293,"2026/08/18 19:00:00",0.1,10.5,25,0,120.40965,23.925175,35
線西,彰化縣,49,,良好,1.5,0.16,39,53,19,8,3,5.1,1.6,0.3,24,"2026/08/18 19:00:00",0.1,8.9,19,1,120.46906,24.131672,34
彰化,彰化縣,51,臭氧八小時,普通,5.5,0.45,36,55,31,16,17,20.1,2.2,1.4,353,"2026/08/18 19:00:00",0.2,11.2,23,0,120.54152,24.066,33
西屯,臺中市,61,臭氧八小時,普通,0.8,0.24,43,58,19,8,6,6.6,0,1,332,"2026/08/18 19:00:00",0.2,12.7,30,1,120.61692,24.162197,32
忠明,臺中市,77,臭氧八小時,普通,0.9,0.34,48,63,22,16,10,11.6,1.3,1.3,302,"2026/08/18 19:00:00",0.3,15.7,28,1,120.64109,24.151958,31
大里,臺中市,87,臭氧八小時,普通,1.3,0.38,59,66,27,17,10,10.8,0.2,1.2,339,"2026/08/18 19:00:00",0.3,16,30,1,120.678444,24.099611,30
沙鹿,臺中市,54,細懸浮微粒,普通,0.4,0.25,40,49,16,9,6,7.3,0.9,0.8,10,"2026/08/18 19:00:00",0.3,13.7,25,1,120.568794,24.225628,29
豐原,臺中市,87,臭氧八小時,普通,1,0.31,57,66,26,16,8,9.2,0.3,1.2,337,"2026/08/18 19:00:00",0.2,17.8,27,0,120.74252,24.256998,28
三義,苗栗縣,64,臭氧八小時,普通,1.3,0.24,52,59,27,,4,4.8,0.7,0.3,327,"2026/08/18 19:00:00",0.2,,24,1,120.75957,24.382484,27
苗栗,苗栗縣,74,臭氧八小時,普通,1.4,0.25,52,62,19,10,6,7.3,1.2,1.3,237,"2026/08/18 19:00:00",0.2,12.4,19,1,120.820114,24.564991,26
頭份,苗栗縣,44,,良好,1.1,0.25,43,48,18,9,6,7.8,1.1,1.3,73,"2026/08/18 19:00:00",0.2,7.7,21,0,120.89869,24.696907,25
新竹,新竹市,40,,良好,0.4,0.18,15,43,16,6,6,7.2,1.1,2,78,"2026/08/18 19:00:00",0.2,7.5,15,0,120.97237,24.805635,24
竹東,新竹縣,45,,良好,0.4,0.12,16,49,9,2,4,5.4,1.2,2.7,65,"2026/08/18 19:00:00",0.1,6.2,14,0,121.08896,24.740913,23
湖口,新竹縣,37,,良好,0.5,0.15,14,40,19,5,6,8,1.6,5.4,66,"2026/08/18 19:00:00",0.1,4.5,11,0,121.03887,24.900097,22
龍潭,桃園市,20,,良好,0.9,0.12,17,22,13,4,3,4.6,0.8,7.2,66,"2026/08/18 19:00:00",0.1,3.3,12,0,121.21646,24.864,21
平鎮,桃園市,19,,良好,,0.23,15,20,8,5,5,8,2,4.3,87,"2026/08/18 19:00:00",0.2,3.1,8,,121.20399,24.952785,20
觀音,桃園市,27,,良好,0.9,0.16,14,23,17,3,7,8.5,0.9,7.1,91,"2026/08/18 19:00:00",0.1,4.7,16,1,121.08283,25.035568,19
大園,桃園市,25,,良好,0.5,0.17,14,,14,4,9,11.5,1.9,4.8,65,"2026/08/18 19:00:00",0.1,2.4,15,0,121.202515,25.061003,18
桃園,桃園市,19,,良好,0.9,0.24,18,21,13,5,5,7.6,1.8,3.4,76,"2026/08/18 19:00:00",0.2,4.5,11,0,121.30501,24.99471,17
大同,臺北市,35,,良好,1.5,0.69,6,13,19,10,14,36.7,21.8,-,-,"2026/08/18 19:00:00",0.3,8.7,16,0,121.51342,25.063314,16
松山,臺北市,24,,良好,0.6,0.2,10,13,16,5,10,14.5,4,2.4,42,"2026/08/18 19:00:00",0.1,3.6,14,0,121.57861,25.05,15
古亭,臺北市,25,,良好,1,0.17,12,14,14,4,5,6.4,0.8,1.2,268,"2026/08/18 19:00:00",0.1,4.7,15,1,121.52956,25.020609,14
萬華,臺北市,24,,良好,0.4,0.24,9,14,12,8,10,13.6,3.5,3.4,86,"2026/08/18 19:00:00",0.1,4.8,11,0,121.50797,25.046503,13
中山,臺北市,25,,良好,0.2,0.27,11,15,18,4,10,14,3.6,2.6,111,"2026/08/18 19:00:00",0.2,5.4,15,0,121.52653,25.06236,12
士林,臺北市,33,,良好,0.9,0.13,16,18,15,5,4,5.8,1.3,2.2,132,"2026/08/18 19:00:00",0.1,6.7,20,0,121.51666,25.10334,11
淡水,新北市,29,,良好,2.1,0.1,16,19,11,9,3,4.4,1,,,"2026/08/18 19:00:00",0.1,7.1,9,0,121.44924,25.1645,10
林口,新北市,17,,良好,0.9,0.17,14,18,13,2,5,7.4,1.8,2.7,93,"2026/08/18 19:00:00",0.1,3.7,10,0,121.365486,25.07799,9
菜寮,新北市,16,,良好,0.1,0.21,14,17,9,5,6,8,1.5,4.3,86,"2026/08/18 19:00:00",0.1,2.5,8,0,121.481026,25.06895,8
新莊,新北市,27,,良好,0.8,0.18,16,21,21,6,5,7.6,1.7,4.4,80,"2026/08/18 19:00:00",0.1,4.4,16,0,121.4325,25.037971,7
板橋,新北市,17,,良好,0.6,0.23,13,16,10,4,7,10,2.1,2.7,104,"2026/08/18 19:00:00",0.1,3.4,8,0,121.458664,25.012972,6
土城,新北市,20,,良好,0.4,0.24,13,15,16,6,6,7.7,1.3,1.3,48,"2026/08/18 19:00:00",0.1,3.3,12,0,121.45186,24.982529,5
新店,新北市,17,,良好,0.4,0.21,12,15,17,4,7,9,2,1.3,139,"2026/08/18 19:00:00",0.1,2.4,9,0,121.53778,24.977222,4
汐止,新北市,25,,良好,0.7,0.17,14,16,15,8,7,9.1,2.1,2,33,"2026/08/18 19:00:00",0.1,6.1,11,0,121.64081,25.06624,2
基隆,基隆市,20,,良好,0.5,0.16,17,20,14,5,3,4.4,0.7,1.3,99,"2026/08/18 19:00:00",0.1,3.9,12,0,121.760056,25.129168,1
